07140041_1,3
07140041_1,4
08110094_2,4
08110094_4,2
08110094_4,3
08110094_4,4
08120098_3,2
08120098_3,3
08120098_3,4
08210112_1,3
08210112_1,4
08210114_1,1
20170103-134006-IMG_001411_2,3
20190809-185416-IMG_0033_1,4
20190813-190332-IMG_0036_3,4
20190821-005604-IMG_0061_3,3
20190821-005604-IMG_0061_3,4
20190821-005626-IMG_0062_1,2
20190821-005626-IMG_0062_3,1
20190821-005626-IMG_0062_3,2
20190821-005626-IMG_0062_3,4
20190821-005626-IMG_0062_4,1
20190821-005626-IMG_0062_4,3
20190821-005646-IMG_0063_1,3
20190821-005646-IMG_0063_2,3
20190821-005646-IMG_0063_2,4
20190825-224828-IMG_0071_4,1
20190825-224828-IMG_0071_4,3
20190825-224828-IMG_0071_4,4
20190825-224828-IMG_0071_5,1
20190825-224828-IMG_0071_5,2
20190825-224828-IMG_0071_5,3
20190831-231830-IMG_0079_1,1
20190831-232242-IMG_0080_1,3
20190831-232242-IMG_0080_1,4
20190921-235954-IMG_0121_4,4
20190921-235954-IMG_0121_5,3
20190921-235954-IMG_0121_5,4
20190929-225944-IMG_0142_1,4
20190929-225944-IMG_0142_2,1
20190929-225944-IMG_0142_2,2
20190929-225944-IMG_0142_3,3
20190929-225944-IMG_0142_3,4
20190929-225944-IMG_0142_4,3
20190929-225944-IMG_0142_4,4
20210617-151640-IMG_0092_1,4
20210617-151640-IMG_0092_2,1
20210617-151640-IMG_0092_2,2
20210620-181219-IMG_0185_1,4
20210621-090546-IMG_0201_1,1
20210621-090650-IMG_0203_2,4
20210623-115736-IMG_0283_2_1,2
20210623-115736-IMG_0283_2_5,3
20210623-115736-IMG_0283_3_1,1
20210623-115736-IMG_0283_3_1,2
20210623-115736-IMG_0283_3_1,3
20210623-115736-IMG_0283_3_2,1
20210623-115736-IMG_0283_3_2,2
20210623-115736-IMG_0283_3_2,3
20210623-115736-IMG_0283_3_3,1
20210623-115736-IMG_0283_3_3,3
20210623-115736-IMG_0283_3_3,4
20210623-115736-IMG_0283_4_3,4
20210623-115736-IMG_0283_4_4,1
20210623-115736-IMG_0283_4_4,2
20210623-115736-IMG_0283_4_4,4
20210623-115736-IMG_0283_4_5,1
20210623-115736-IMG_0283_5_2,2
20210623-115736-IMG_0283_5_2,3
20210623-115736-IMG_0283_5_2,4
20210623-115736-IMG_0283_5_3,1
20210623-115736-IMG_0283_5_3,2
20210623-115736-IMG_0283_6_1,4
20210623-115736-IMG_0283_6_2,2
20210623-115736-IMG_0283_6_2,3
20210623-115736-IMG_0283_6_2,4
20210623-115736-IMG_0283_6_3,2
20210623-115736-IMG_0283_6_3,3
20210623-115736-IMG_0283_6_3,4
20210624-105314-IMG_0335_1_1,1
20210624-105314-IMG_0335_1_1,4
20210624-105314-IMG_0335_1_2,1
20210624-105314-IMG_0335_1_2,2
20210624-105314-IMG_0335_1_4,2
20210624-105314-IMG_0335_1_5,4
20210624-105314-IMG_0335_2_1,2
20210624-105314-IMG_0335_2_1,3
20210624-105314-IMG_0335_2_1,4
20210624-105314-IMG_0335_2_2,2
20210624-105314-IMG_0335_2_2,3
20210624-105314-IMG_0335_2_2,4
20210624-105314-IMG_03351_1_3,2
20210624-105314-IMG_03351_2_1,4
20210624-105314-IMG_03351_2_2,1
20210624-105314-IMG_03351_2_2,3
20210624-105314-IMG_03351_2_3,1
20210624-105314-IMG_03351_2_3,3
20210624-105314-IMG_03351_2_3,4
20210624-105314-IMG_03351_2_4,1
20210624-105314-IMG_03351_3_1,2
20210624-105314-IMG_03351_3_1,3
20210624-105314-IMG_03351_3_1,4
20210624-105314-IMG_03351_3_2,1
20210624-105314-IMG_03351_3_2,3
20210624-105314-IMG_03351_3_2,4
20210624-105314-IMG_03351_4_2,1
20210624-105314-IMG_03351_4_2,2
20210624-105314-IMG_03351_4_2,4
20210624-105314-IMG_03351_4_5,1
20210624-105314-IMG_03351_4_5,2
20210624-105314-IMG_03351_4_5,3
20210624-105612-IMG_0338_2_2,4
20210624-105612-IMG_0338_2_3,1
20210624-105612-IMG_0338_3_1,1
20210624-105612-IMG_0338_4_1,2
20210624-105612-IMG_0338_4_2,3
20210624-105612-IMG_0338_4_2,4
20210624-105612-IMG_0338_4_3,2
20210624-105612-IMG_0338_4_3,4
20210624-105612-IMG_0338_4_4,4
20210624-105612-IMG_0338_4_5,5
20210624-105800-IMG_0340_3,3
20210624-105800-IMG_0340_3,4
20210624-105800-IMG_0340_4,1
20210624-105800-IMG_0340_4,4
20210624-105800-IMG_0340_5,1
20210624-105924-IMG_0342_1,3
20210624-105924-IMG_0342_1,4
20210626-145158-IMG_0392_2,1
20210628-144311-IMG_0496_3,1
20210628-155155-IMG_0503_1,1
20210628-155155-IMG_0503_1,2
20210628-155155-IMG_0503_1,3
20210628-155155-IMG_0503_2,4
20210701-031624-IMG_0560_2,2
20210701-031624-IMG_0560_2,4
20210704-092458-IMG_0607_1,1
20210704-092458-IMG_0607_1,2
20210704-092458-IMG_0607_1,4
20210704-092458-IMG_0607_2,2
20210704-092458-IMG_0607_3,3
20210704-092458-IMG_0607_3,4
20210704-142730-IMG_0613_2,2
20210704-142730-IMG_0613_2,3
20210704-142730-IMG_0613_3,4
20210704-142730-IMG_0613_4,1
20210705-123733-IMG_0633_1_4,2
20210705-123733-IMG_0633_3_2,4
20210705-123733-IMG_0633_3_3,3
20210705-123733-IMG_0633_3_4,3
20210705-123733-IMG_0633_3_5,2
20210705-130827-IMG_0642_2,1
20210705-130827-IMG_0642_2,4
20210705-130125-IMG_0637_2,1
20210705-130125-IMG_0637_2,3
20210705-130125-IMG_0637_2,4
20210708-113214-IMG_0678_3_2,2
20210710-081808-IMG_0722_3,4
20210710-081808-IMG_0722_4,1
20210710-081808-IMG_0722_4,2
20210818-013244-IMG_0012_3,4
20210818-013336-IMG_0013_5,1
20210818-013518-IMG_0015_5,2
20210818-013608-IMG_0016_1,3
20210818-013608-IMG_0016_1,4
20210818-013608-IMG_0016_2,1
20210818-013608-IMG_0016_2,2
20210818-013608-IMG_0016_2,3
20210818-013708-IMG_0017_4,4
20210821-195456-IMG_0025_3,3
20210821-195456-IMG_0025_3,4
20211031-222134-IMG_0038_2,4
IMG_0073_3_1,3
IMG_0073_3_1,4
IMG_0085_1,1
IMG_0099_1,2
IMG_0099_2,2
IMG_0099_5,1
IMG_0099_5,2
IMG_0099_5,3
IMG_0103_1,1
IMG_0128_3,2
IMG_0128_3,3
IMG_0128_3,4
IMG_0171_2,4
IMG_0252_2,3
IMG_0252_2,4
IMG_0253_1,3
IMG_0253_1,4
